{"cameraMode":{"drawMode":0,"name":"Shaded","section":"Shading Mode"},"sceneLighting":false,"audioPlay":false,"sceneViewState":{"m_AlwaysRefresh":false,"showFog":true,"showSkybox":false,"showFlares":true,"showImageEffects":true,"showParticleSystems":true,"showVisualEffectGraphs":true,"m_FxEnabled":true},"in2DMode":false,"pivot":{"x":1.2836418151855469,"y":-3.3388047218322756,"z":-16.387462615966798},"rotation":{"x":0.21227581799030305,"y":0.6713984608650208,"z":-0.21012577414512635,"w":0.6782662868499756},"size":14.522533416748047,"orthographic":false}