{"cameraMode":{"drawMode":0,"name":"Shaded","section":"Shading Mode"},"sceneLighting":true,"audioPlay":false,"sceneViewState":{"m_AlwaysRefresh":false,"showFog":true,"showSkybox":true,"showFlares":true,"showImageEffects":true,"showParticleSystems":true,"showVisualEffectGraphs":true,"m_FxEnabled":true},"in2DMode":false,"pivot":{"x":215.3224639892578,"y":97.31182098388672,"z":-11.888761520385743},"rotation":{"x":0.12892580032348634,"y":-0.00744242686778307,"z":-0.0009496754501014948,"w":-0.9916234612464905},"size":52.201534271240237,"orthographic":false}