{"cameraMode":{"drawMode":0,"name":"Shaded","section":"Shading Mode"},"sceneLighting":false,"audioPlay":false,"sceneViewState":{"m_AlwaysRefresh":false,"showFog":true,"showSkybox":false,"showFlares":true,"showImageEffects":true,"showParticleSystems":true,"showVisualEffectGraphs":true,"m_FxEnabled":true},"in2DMode":false,"pivot":{"x":10.963621139526368,"y":-0.6807231903076172,"z":5.151283264160156},"rotation":{"x":0.0009119927999563515,"y":-0.9166184663772583,"z":0.3998226225376129,"w":0.002245131880044937},"size":12.190337181091309,"orthographic":false}